{"cameraMode":{"drawMode":0,"name":"Shaded","section":"Shading Mode"},"sceneLighting":false,"audioPlay":false,"sceneViewState":{"m_AlwaysRefresh":true,"showFog":false,"showSkybox":false,"showFlares":true,"showImageEffects":true,"showParticleSystems":true,"showVisualEffectGraphs":true,"m_FxEnabled":true},"in2DMode":false,"pivot":{"x":0.4811314344406128,"y":5.894283771514893,"z":-1.0716443061828614},"rotation":{"x":0.15450941026210786,"y":0.0676414743065834,"z":-0.009720630012452603,"w":0.9858664870262146},"size":7.361875534057617,"orthographic":false}