{"cameraMode":{"drawMode":0,"name":"Shaded","section":"Shading Mode"},"sceneLighting":false,"audioPlay":false,"sceneViewState":{"m_AlwaysRefresh":true,"showFog":false,"showSkybox":false,"showFlares":true,"showImageEffects":true,"showParticleSystems":true,"showVisualEffectGraphs":true,"m_FxEnabled":true},"in2DMode":false,"pivot":{"x":396.23248291015627,"y":16.81320571899414,"z":400.5865173339844},"rotation":{"x":0.15450941026210786,"y":0.0676414743065834,"z":-0.009720630012452603,"w":0.9858664870262146},"size":0.5572070479393005,"orthographic":false}